序号,状态,店名,类型,路线归属,我掌握的线索,①确认位置（填商圈/地址）,②评分（填分数）,③必点/推荐菜（填 2-3 个）,备注
1,位置待确认,陈记老油茶,早餐·小吃,Day1,只知道是油茶类，未定位到具体店,,,,
2,位置待确认,米琪爸爸可颂,茶饮·烘焙,高铁备粮,只在小红书类内容里出现，未定位,,,,
3,位置待确认,凤凰串烧,夜宵·串烧,Day1,搜索只出娱乐类同名内容，未定位,,,,
4,位置待确认,磨迹抹茶,茶饮·烘焙,Day1,线索：渝中区美力大厦（待核）,,,,
5,位置待确认,路济亚豆花饭,午餐·豆花饭,Day2,未定位到具体店,,,,
6,位置待确认,甄记黑白荤豆花,午餐·豆花饭,Day2,未定位到具体店,,,,
7,位置待确认,海关荤豆花,午餐·豆花饭,待定,未定位（店名里的‘海关’指哪一片待核）,,,,
8,位置待确认,4-3毛血旺,晚餐·江湖菜,Day2,未定位到具体店,,,,
9,位置待确认,凤竹鸡杂干锅,晚餐·江湖菜,Day2,未定位到具体店,,,,
10,位置待确认,老小区火锅（丁眼镜火锅、文亮火锅）,火锅·串串,Day1,社区老火锅，未定位到具体店,,,,
11,位置待确认,董马火锅,火锅·串串,Day1,搜到同名的垫江店，市区店待核,,,,
12,位置待确认,建兴陈姐火锅,火锅·串串,Day1,搜到南充同名店，市区店待核,,,,
13,位置待确认,秋姐三样菜,江湖菜·家常菜,待定,未定位到具体店,,,,
14,位置待确认,最爱鲜,江湖菜·家常菜,待定,未定位到具体店,,,,
15,位置待确认,联防食店,江湖菜·家常菜,待定,未定位到具体店,,,,
16,位置待确认,平平898,江湖菜·家常菜,待定,未定位到具体店,,,,
17,位置待确认,菜大嫂,江湖菜·家常菜,待定,未定位到具体店,,,,
18,位置待确认,管格格,江湖菜·家常菜,待定,未定位到具体店,,,,
19,位置待确认,铁锅哥米线,小面·米线,待定,未定位到具体店,,,,
20,位置待确认,奔驰面庄,小面·面馆,待定,未定位到具体店,,,,
21,位置待确认,玉嬢嬢糯米团,早餐·小吃,待定,未定位到具体店,,,,
22,位置待确认,小洞天渝师傅特色包,早餐·小吃,待定,未定位到具体店,,,,
23,位置待确认,树窑,茶饮·烘焙,待定,线索：渝北金开大道 / 江北鹞子丘路，两家待定,,,,
24,只缺评分/必点,朱儿面庄（照母山店）,早餐·小面,住处附近,照母山，离住宿最近,,,,
25,只缺评分/必点,月亮面馆,午餐·小面,Day1,渝中·大溪沟街（曾家岩旁）,,,,
26,只缺评分/必点,大礼堂糯米团,早餐·小吃,Day1,渝中·人民大礼堂/人民广场一带,,,,
27,只缺评分/必点,赵记食店,午餐·家常菜,Day1,渝中·临江路（解放碑旁）,,,,
28,只缺评分/必点,熨斗糕老烧饼,小吃,Day1,渝中·和平路,,,,
29,只缺评分/必点,小苑（肥肠鸡）,午餐/晚餐·江湖菜,Day1,渝中·五一路,,,,
30,只缺评分/必点,天棒老火锅,晚餐·火锅,Day1,渝中·较场口磨房巷,,,,
31,只缺评分/必点,唐红英火锅,晚餐·火锅,Day1,渝中·解放碑一带,,,,
32,只缺评分/必点,陈胖子火锅,晚餐·火锅,Day1,渝中·观音岩捍卫路（另有沙坪坝晒光坪店）,,,,
33,只缺评分/必点,红林火锅,夜宵·火锅,Day1,江北·松石大道,,,,
34,只缺评分/必点,弓奇品味,下午茶·烘焙,Day1,江北·电仪村103号,,,,
35,只缺评分/必点,熊蜂面包,下午茶·烘焙,Day1,两江新区·洋河二村20号,,,,
36,只缺评分/必点,BA（面包）,下午茶·烘焙,Day1,江北·建新北路（观音桥）,,,,
37,只缺评分/必点,李山山茶颜悦色,下午茶·茶饮,Day1,渝中·解放碑一带,,,,
38,只缺评分/必点,三样子,下午茶·甜品,Day2,南岸·弹子石一带,,,,
39,只缺评分/必点,合记火爆,晚餐·江湖菜,Day2,南岸·海棠晓月商业街（另有北滨路店）,,,,
40,只缺评分/必点,络耳胡面馆,晚餐·小面,Day2,南岸·福红路,,,,
